customer_id,acquisition_date,acquisition_cost_usd,market_segment,supplier_id,order_id,order_date,order_value_usd,payment_date,satisfaction_score,support_tickets,lead_time_days
CUST-001,05/01/2024,850,North America,SUP-A,ORD-1001,15/01/2024,12500,18/02/2024,4,1,14
CUST-002,06/01/2024,920,Europe,SUP-B,ORD-1002,18/01/2024,8500,25/02/2024,5,0,16
CUST-003,07/01/2024,880,Asia-Pacific,SUP-C,ORD-1003,20/01/2024,21000,01/03/2024,4,2,15
CUST-004,08/01/2024,790,North America,SUP-A,ORD-1004,22/01/2024,7500,28/02/2024,3,1,13
CUST-005,09/01/2024,950,Europe,SUP-D,ORD-1005,25/01/2024,15000,05/03/2024,5,0,12
CUST-006,10/01/2024,830,Middle East,SUP-E,ORD-1006,28/01/2024,9500,10/03/2024,4,1,14
CUST-007,11/01/2024,910,North America,SUP-B,ORD-1007,30/01/2024,18000,12/03/2024,5,0,13
CUST-008,12/01/2024,860,Asia-Pacific,SUP-F,ORD-1008,02/02/2024,11000,15/03/2024,4,0,15
CUST-009,13/01/2024,900,Europe,SUP-C,ORD-1009,05/02/2024,13500,18/03/2024,4,1,12
CUST-010,14/01/2024,810,Africa,SUP-G,ORD-1010,08/02/2024,6500,20/03/2024,3,2,17
CUST-011,15/01/2024,890,North America,SUP-D,ORD-1011,10/02/2024,16000,22/03/2024,5,0,13
CUST-012,16/01/2024,930,Europe,SUP-A,ORD-1012,12/02/2024,9500,25/03/2024,4,0,14
CUST-013,17/01/2024,840,Asia-Pacific,SUP-E,ORD-1013,15/02/2024,22000,28/03/2024,4,1,16
CUST-014,18/01/2024,870,Middle East,SUP-B,ORD-1014,18/02/2024,8000,30/03/2024,5,0,13
CUST-015,19/01/2024,960,North America,SUP-F,ORD-1015,20/02/2024,17500,02/04/2024,3,2,15
CUST-016,20/01/2024,820,Europe,SUP-G,ORD-1016,22/02/2024,10500,05/04/2024,4,1,14
CUST-017,21/01/2024,940,Asia-Pacific,SUP-C,ORD-1017,25/02/2024,19000,08/04/2024,5,0,12
CUST-018,22/01/2024,800,Africa,SUP-A,ORD-1018,28/02/2024,5500,10/04/2024,4,1,18
CUST-019,23/01/2024,910,North America,SUP-E,ORD-1019,02/03/2024,14000,12/04/2024,4,0,13
CUST-020,24/01/2024,880,Europe,SUP-B,ORD-1020,05/03/2024,11500,15/04/2024,5,0,14
CUST-021,25/01/2024,860,Asia-Pacific,SUP-D,ORD-1021,08/03/2024,24000,18/04/2024,3,3,16
CUST-022,26/01/2024,920,Middle East,SUP-F,ORD-1022,10/03/2024,9000,20/04/2024,4,1,15
CUST-023,27/01/2024,850,North America,SUP-G,ORD-1023,12/03/2024,16500,22/04/2024,5,0,12
CUST-024,28/01/2024,890,Europe,SUP-C,ORD-1024,15/03/2024,12500,25/04/2024,4,1,14
CUST-025,29/01/2024,830,Asia-Pacific,SUP-A,ORD-1025,18/03/2024,20000,28/04/2024,5,0,15
CUST-026,30/01/2024,950,Africa,SUP-E,ORD-1026,20/03/2024,7000,30/04/2024,3,1,19
CUST-027,31/01/2024,870,North America,SUP-B,ORD-1027,22/03/2024,15000,02/05/2024,4,0,13
CUST-028,01/02/2024,900,Europe,SUP-D,ORD-1028,25/03/2024,10000,05/05/2024,5,0,14
CUST-029,02/02/2024,840,Asia-Pacific,SUP-F,ORD-1029,28/03/2024,23000,08/05/2024,4,2,16
CUST-030,03/02/2024,910,Middle East,SUP-G,ORD-1030,30/03/2024,8500,10/05/2024,4,1,15
CUST-031,04/02/2024,880,North America,SUP-A,ORD-1031,02/04/2024,14500,12/05/2024,4,1,13
CUST-032,05/02/2024,920,Europe,SUP-E,ORD-1032,05/04/2024,10500,15/05/2024,5,0,14
CUST-033,06/02/2024,850,Asia-Pacific,SUP-B,ORD-1033,08/04/2024,21500,18/05/2024,3,2,16
CUST-034,07/02/2024,940,North America,SUP-D,ORD-1034,10/04/2024,18500,20/05/2024,5,0,12
CUST-035,08/02/2024,810,Europe,SUP-F,ORD-1035,12/04/2024,7500,22/05/2024,4,1,14
CUST-036,09/02/2024,900,Africa,SUP-C,ORD-1036,15/04/2024,9500,25/05/2024,4,0,17
CUST-037,10/02/2024,870,North America,SUP-G,ORD-1037,18/04/2024,17000,28/05/2024,5,0,13
CUST-038,11/02/2024,830,Asia-Pacific,SUP-A,ORD-1038,20/04/2024,12000,30/05/2024,4,1,15
CUST-039,12/02/2024,960,Europe,SUP-E,ORD-1039,22/04/2024,14000,01/06/2024,3,1,14
CUST-040,13/02/2024,820,Middle East,SUP-B,ORD-1040,25/04/2024,6000,04/06/2024,5,0,16
CUST-041,14/02/2024,910,North America,SUP-D,ORD-1041,28/04/2024,19500,07/06/2024,4,2,13
CUST-042,15/02/2024,890,Europe,SUP-F,ORD-1042,30/04/2024,11000,09/06/2024,5,0,12
CUST-043,16/02/2024,840,Asia-Pacific,SUP-C,ORD-1043,02/05/2024,22500,11/06/2024,4,1,15
CUST-044,17/02/2024,930,Africa,SUP-G,ORD-1044,05/05/2024,8000,14/06/2024,4,1,18
CUST-045,18/02/2024,800,North America,SUP-A,ORD-1045,08/05/2024,13000,17/06/2024,3,2,14
CUST-046,19/02/2024,950,Europe,SUP-E,ORD-1046,10/05/2024,15500,19/06/2024,5,0,13
CUST-047,20/02/2024,860,Asia-Pacific,SUP-B,ORD-1047,12/05/2024,10000,21/06/2024,4,0,15
CUST-048,21/02/2024,920,Middle East,SUP-D,ORD-1048,15/05/2024,20500,24/06/2024,4,1,16
CUST-049,22/02/2024,880,North America,SUP-F,ORD-1049,18/05/2024,12500,27/06/2024,5,0,12
CUST-050,23/02/2024,810,Europe,SUP-C,ORD-1050,20/05/2024,7000,29/06/2024,3,1,14
CUST-051,24/02/2024,940,Asia-Pacific,SUP-G,ORD-1051,22/05/2024,25000,01/07/2024,5,0,15
CUST-052,25/02/2024,830,Africa,SUP-A,ORD-1052,25/05/2024,5000,04/07/2024,4,2,20
CUST-053,26/02/2024,900,North America,SUP-E,ORD-1053,28/05/2024,18000,07/07/2024,4,1,13
CUST-054,27/02/2024,870,Europe,SUP-B,ORD-1054,30/05/2024,13500,09/07/2024,5,0,14
CUST-055,28/02/2024,890,Asia-Pacific,SUP-D,ORD-1055,02/06/2024,21000,12/07/2024,3,1,16
CUST-056,01/03/2024,920,Middle East,SUP-F,ORD-1056,05/06/2024,9500,15/07/2024,4,0,15
CUST-057,02/03/2024,850,North America,SUP-C,ORD-1057,08/06/2024,17000,18/07/2024,5,0,12
CUST-058,03/03/2024,910,Europe,SUP-G,ORD-1058,10/06/2024,11500,20/07/2024,4,1,14
CUST-059,04/03/2024,840,Asia-Pacific,SUP-A,ORD-1059,12/06/2024,23500,22/07/2024,5,0,15
CUST-060,05/03/2024,930,Africa,SUP-E,ORD-1060,15/06/2024,6500,25/07/2024,3,2,19
CUST-061,06/03/2024,820,North America,SUP-B,ORD-1061,18/06/2024,15500,28/07/2024,4,0,13
CUST-062,07/03/2024,960,Europe,SUP-D,ORD-1062,20/06/2024,10000,30/07/2024,5,0,14
CUST-063,08/03/2024,800,Asia-Pacific,SUP-F,ORD-1063,22/06/2024,20000,01/08/2024,4,1,16
CUST-064,09/03/2024,940,Middle East,SUP-C,ORD-1064,25/06/2024,8000,04/08/2024,4,1,15
CUST-065,10/03/2024,880,North America,SUP-G,ORD-1065,28/06/2024,19000,07/08/2024,5,0,12
CUST-066,11/03/2024,860,Europe,SUP-A,ORD-1066,30/06/2024,12500,09/08/2024,4,0,14
CUST-067,12/03/2024,910,Asia-Pacific,SUP-E,ORD-1067,02/07/2024,22000,11/08/2024,3,3,15
CUST-068,13/03/2024,850,Africa,SUP-B,ORD-1068,05/07/2024,7500,14/08/2024,5,0,17
CUST-069,14/03/2024,920,North America,SUP-D,ORD-1069,08/07/2024,14500,17/08/2024,4,1,13
CUST-070,15/03/2024,830,Europe,SUP-F,ORD-1070,10/07/2024,10500,19/08/2024,4,0,14
CUST-071,16/03/2024,950,Asia-Pacific,SUP-C,ORD-1071,12/07/2024,25000,21/08/2024,5,0,16
CUST-072,17/03/2024,810,Middle East,SUP-G,ORD-1072,15/07/2024,5500,24/08/2024,3,1,16
CUST-073,18/03/2024,900,North America,SUP-A,ORD-1073,18/07/2024,17500,27/08/2024,5,0,12
CUST-074,19/03/2024,870,Europe,SUP-E,ORD-1074,20/07/2024,13000,29/08/2024,4,1,14
CUST-075,20/03/2024,890,Asia-Pacific,SUP-B,ORD-1075,22/07/2024,21500,31/08/2024,4,0,15
CUST-076,21/03/2024,930,Africa,SUP-D,ORD-1076,25/07/2024,9000,04/09/2024,3,2,19
CUST-077,22/03/2024,840,North America,SUP-F,ORD-1077,28/07/2024,16000,07/09/2024,5,0,13
CUST-078,23/03/2024,910,Europe,SUP-C,ORD-1078,30/07/2024,11000,09/09/2024,4,1,14
CUST-079,24/03/2024,820,Asia-Pacific,SUP-G,ORD-1079,02/08/2024,23000,11/09/2024,5,0,16
CUST-080,25/03/2024,960,Middle East,SUP-A,ORD-1080,05/08/2024,6500,14/09/2024,4,1,15
CUST-081,26/03/2024,800,North America,SUP-E,ORD-1081,08/08/2024,18500,17/09/2024,3,1,12
CUST-082,27/03/2024,940,Europe,SUP-B,ORD-1082,10/08/2024,14500,19/09/2024,5,0,14
CUST-083,28/03/2024,880,Asia-Pacific,SUP-D,ORD-1083,12/08/2024,20500,21/09/2024,4,2,15
CUST-084,29/03/2024,860,Africa,SUP-F,ORD-1084,15/08/2024,8000,24/09/2024,4,0,18
CUST-085,30/03/2024,900,North America,SUP-C,ORD-1085,18/08/2024,17000,27/09/2024,5,0,13
CUST-086,31/03/2024,850,Europe,SUP-G,ORD-1086,20/08/2024,12000,29/09/2024,3,1,14
CUST-087,01/04/2024,920,Asia-Pacific,SUP-A,ORD-1087,22/08/2024,24500,01/10/2024,4,1,16
CUST-088,02/04/2024,830,Middle East,SUP-E,ORD-1088,25/08/2024,6000,04/10/2024,5,0,16
CUST-089,03/04/2024,910,North America,SUP-B,ORD-1089,28/08/2024,19500,07/10/2024,4,0,12
CUST-090,04/04/2024,870,Europe,SUP-D,ORD-1090,30/08/2024,10500,09/10/2024,4,1,14
CUST-091,05/04/2024,890,Asia-Pacific,SUP-F,ORD-1091,02/09/2024,22500,12/10/2024,5,0,15
CUST-092,06/04/2024,950,Africa,SUP-C,ORD-1092,05/09/2024,7500,15/10/2024,3,2,19
CUST-093,07/04/2024,840,North America,SUP-G,ORD-1093,08/09/2024,15000,18/10/2024,5,0,13
CUST-094,08/04/2024,900,Europe,SUP-A,ORD-1094,10/09/2024,13500,20/10/2024,4,1,14
CUST-095,09/04/2024,820,Asia-Pacific,SUP-E,ORD-1095,12/09/2024,21000,22/10/2024,4,0,16
CUST-096,10/04/2024,960,Middle East,SUP-B,ORD-1096,15/09/2024,9500,25/10/2024,5,0,15
CUST-097,11/04/2024,810,North America,SUP-D,ORD-1097,18/09/2024,18000,28/10/2024,3,1,12
CUST-098,12/04/2024,940,Europe,SUP-F,ORD-1098,20/09/2024,11500,30/10/2024,4,1,14
CUST-099,13/04/2024,880,Asia-Pacific,SUP-C,ORD-1099,22/09/2024,23500,01/11/2024,5,0,15
CUST-100,14/04/2024,860,Africa,SUP-G,ORD-1100,25/09/2024,5000,04/11/2024,4,2,20
CUST-101,15/04/2024,850,North America,SUP-A,ORD-1101,28/09/2024,16500,07/11/2024,4,0,13
CUST-102,16/04/2024,920,Europe,SUP-E,ORD-1102,30/09/2024,12000,09/11/2024,5,0,14
CUST-103,17/04/2024,830,Asia-Pacific,SUP-B,ORD-1103,02/10/2024,20000,11/11/2024,3,1,16
CUST-104,18/04/2024,950,North America,SUP-D,ORD-1104,05/10/2024,17500,14/11/2024,5,0,12
CUST-105,19/04/2024,810,Europe,SUP-F,ORD-1105,08/10/2024,8500,17/11/2024,4,1,14
CUST-106,20/04/2024,900,Asia-Pacific,SUP-C,ORD-1106,10/10/2024,22000,19/11/2024,4,0,15
CUST-107,21/04/2024,870,Middle East,SUP-G,ORD-1107,12/10/2024,10000,21/11/2024,5,0,16
CUST-108,22/04/2024,890,North America,SUP-A,ORD-1108,15/10/2024,19000,24/11/2024,4,1,13
CUST-109,23/04/2024,930,Europe,SUP-E,ORD-1109,18/10/2024,13000,27/11/2024,3,2,14
CUST-110,24/04/2024,840,Asia-Pacific,SUP-B,ORD-1110,20/10/2024,24000,29/11/2024,5,0,15
CUST-111,25/04/2024,960,Africa,SUP-D,ORD-1111,22/10/2024,6000,01/12/2024,4,1,19
CUST-112,26/04/2024,820,North America,SUP-F,ORD-1112,25/10/2024,15000,04/12/2024,4,0,13
CUST-113,27/04/2024,940,Europe,SUP-C,ORD-1113,28/10/2024,11000,07/12/2024,5,0,14
CUST-114,28/04/2024,800,Asia-Pacific,SUP-G,ORD-1114,30/10/2024,23000,09/12/2024,3,1,16
CUST-115,29/04/2024,910,Middle East,SUP-A,ORD-1115,02/11/2024,7500,12/12/2024,4,1,15
CUST-116,30/04/2024,880,North America,SUP-E,ORD-1116,05/11/2024,18000,15/12/2024,5,0,12
CUST-117,01/05/2024,860,Europe,SUP-B,ORD-1117,08/11/2024,12500,18/12/2024,4,2,14
CUST-118,02/05/2024,920,Asia-Pacific,SUP-D,ORD-1118,10/11/2024,21500,20/12/2024,5,0,15
CUST-119,03/05/2024,850,Africa,SUP-F,ORD-1119,12/11/2024,9500,22/12/2024,4,1,18
CUST-120,04/05/2024,890,North America,SUP-C,ORD-1120,15/11/2024,17000,25/12/2024,3,1,13
CUST-121,05/05/2024,830,Europe,SUP-G,ORD-1121,18/11/2024,14000,28/12/2024,5,0,14
CUST-122,06/05/2024,950,Asia-Pacific,SUP-A,ORD-1122,20/11/2024,20500,30/12/2024,4,0,16
CUST-123,07/05/2024,810,Middle East,SUP-E,ORD-1123,22/11/2024,8000,01/01/2025,4,1,15
CUST-124,08/05/2024,900,North America,SUP-B,ORD-1124,25/11/2024,19500,04/01/2025,5,0,12
CUST-125,09/05/2024,870,Europe,SUP-D,ORD-1125,28/11/2024,10000,07/01/2025,4,1,14
CUST-126,10/05/2024,890,Asia-Pacific,SUP-F,ORD-1126,30/11/2024,22500,09/01/2025,3,2,15
CUST-127,11/05/2024,930,Africa,SUP-C,ORD-1127,02/12/2024,7000,11/01/2025,5,0,17
CUST-128,12/05/2024,840,North America,SUP-G,ORD-1128,05/12/2024,16000,14/01/2025,4,1,13
CUST-129,13/05/2024,910,Europe,SUP-A,ORD-1129,08/12/2024,11500,17/01/2025,4,0,14
CUST-130,14/05/2024,820,Asia-Pacific,SUP-E,ORD-1130,10/12/2024,24500,19/01/2025,5,0,16
CUST-131,15/05/2024,960,Middle East,SUP-B,ORD-1131,12/12/2024,9000,21/01/2025,3,1,16
CUST-132,16/05/2024,800,North America,SUP-D,ORD-1132,15/12/2024,18500,24/01/2025,4,1,12
CUST-133,17/05/2024,940,Europe,SUP-F,ORD-1133,18/12/2024,15000,27/01/2025,5,0,14
CUST-134,18/05/2024,880,Asia-Pacific,SUP-C,ORD-1134,20/12/2024,20000,29/01/2025,4,2,15
CUST-135,19/05/2024,860,Africa,SUP-G,ORD-1135,22/12/2024,6500,31/01/2025,4,0,18
CUST-136,20/05/2024,900,North America,SUP-A,ORD-1136,25/12/2024,17500,04/02/2025,5,0,13
CUST-137,21/05/2024,850,Europe,SUP-E,ORD-1137,28/12/2024,12000,07/02/2025,3,1,14
CUST-138,22/05/2024,920,Asia-Pacific,SUP-B,ORD-1138,30/12/2024,23000,09/02/2025,5,0,16
CUST-139,23/05/2024,830,Middle East,SUP-D,ORD-1139,02/01/2025,10500,11/02/2025,4,1,15
CUST-140,24/05/2024,950,North America,SUP-F,ORD-1140,05/01/2025,19000,14/02/2025,4,0,12
CUST-141,25/05/2024,810,Europe,SUP-C,ORD-1141,08/01/2025,13500,17/02/2025,5,0,14
CUST-142,26/05/2024,900,Asia-Pacific,SUP-G,ORD-1142,10/01/2025,25000,19/02/2025,3,2,16
CUST-143,27/05/2024,870,Africa,SUP-A,ORD-1143,12/01/2025,8500,21/02/2025,4,1,17
CUST-144,28/05/2024,890,North America,SUP-E,ORD-1144,15/01/2025,16500,24/02/2025,5,0,13
CUST-145,29/05/2024,930,Europe,SUP-B,ORD-1145,18/01/2025,11000,27/02/2025,4,0,14
CUST-146,30/05/2024,840,Asia-Pacific,SUP-D,ORD-1146,20/01/2025,22000,01/03/2025,5,0,15
CUST-147,31/05/2024,960,Middle East,SUP-F,ORD-1147,22/01/2025,7000,03/03/2025,4,1,16
CUST-148,01/06/2024,820,North America,SUP-C,ORD-1148,25/01/2025,18000,06/03/2025,3,1,12
CUST-149,02/06/2024,940,Europe,SUP-G,ORD-1149,28/01/2025,14500,09/03/2025,5,0,14
CUST-150,03/06/2024,800,Asia-Pacific,SUP-A,ORD-1150,30/01/2025,21000,11/03/2025,4,2,15
CUST-151,04/06/2024,910,Africa,SUP-E,ORD-1151,02/02/2025,9500,14/03/2025,4,0,18
CUST-152,05/06/2024,880,North America,SUP-B,ORD-1152,05/02/2025,15500,17/03/2025,5,0,13
CUST-153,06/06/2024,860,Europe,SUP-D,ORD-1153,08/02/2025,10000,20/03/2025,3,1,14
CUST-154,07/06/2024,920,Asia-Pacific,SUP-F,ORD-1154,10/02/2025,23500,22/03/2025,4,1,16
CUST-155,08/06/2024,850,Middle East,SUP-C,ORD-1155,12/02/2025,6000,24/03/2025,5,0,15
CUST-156,09/06/2024,890,North America,SUP-G,ORD-1156,15/02/2025,19000,27/03/2025,4,0,12
CUST-157,10/06/2024,830,Europe,SUP-A,ORD-1157,18/02/2025,12500,30/03/2025,5,0,14
CUST-158,11/06/2024,950,Asia-Pacific,SUP-E,ORD-1158,20/02/2025,20000,01/04/2025,4,2,15
CUST-159,12/06/2024,810,Africa,SUP-B,ORD-1159,22/02/2025,7500,03/04/2025,3,1,19
CUST-160,13/06/2024,900,North America,SUP-D,ORD-1160,25/02/2025,18000,06/04/2025,5,0,13
CUST-161,14/06/2024,870,Europe,SUP-F,ORD-1161,28/02/2025,13000,09/04/2025,4,1,14
CUST-162,15/06/2024,890,Asia-Pacific,SUP-C,ORD-1162,02/03/2025,24000,11/04/2025,4,0,16
CUST-163,16/06/2024,930,Middle East,SUP-G,ORD-1163,05/03/2025,9000,14/04/2025,5,0,16
CUST-164,17/06/2024,840,North America,SUP-A,ORD-1164,08/03/2025,16500,17/04/2025,3,1,12
CUST-165,18/06/2024,910,Europe,SUP-E,ORD-1165,10/03/2025,11500,19/04/2025,4,1,14
CUST-166,19/06/2024,820,Asia-Pacific,SUP-B,ORD-1166,12/03/2025,22500,21/04/2025,5,0,15
CUST-167,20/06/2024,960,Africa,SUP-D,ORD-1167,15/03/2025,8000,24/04/2025,4,2,18
CUST-168,21/06/2024,800,North America,SUP-F,ORD-1168,18/03/2025,15000,27/04/2025,5,0,13
CUST-169,22/06/2024,940,Europe,SUP-C,ORD-1169,20/03/2025,10000,29/04/2025,4,0,14
CUST-170,23/06/2024,880,Asia-Pacific,SUP-G,ORD-1170,22/03/2025,21000,01/05/2025,3,1,16
CUST-171,24/06/2024,860,Middle East,SUP-A,ORD-1171,25/03/2025,6500,04/05/2025,4,1,15
CUST-172,25/06/2024,900,North America,SUP-E,ORD-1172,28/03/2025,19500,07/05/2025,5,0,12
CUST-173,26/06/2024,850,Europe,SUP-B,ORD-1173,30/03/2025,13500,09/05/2025,4,2,14
CUST-174,27/06/2024,920,Asia-Pacific,SUP-D,ORD-1174,02/04/2025,20500,12/05/2025,4,0,15
CUST-175,28/06/2024,830,Africa,SUP-F,ORD-1175,05/04/2025,9500,15/05/2025,5,0,17
CUST-176,29/06/2024,950,North America,SUP-C,ORD-1176,08/04/2025,17000,18/05/2025,3,1,13
CUST-177,30/06/2024,810,Europe,SUP-G,ORD-1177,10/04/2025,12000,20/05/2025,4,1,14
CUST-178,01/07/2024,900,Asia-Pacific,SUP-A,ORD-1178,12/04/2025,23000,22/05/2025,5,0,16
CUST-179,02/07/2024,870,Middle East,SUP-E,ORD-1179,15/04/2025,8000,25/05/2025,4,0,16
CUST-180,03/07/2024,890,North America,SUP-B,ORD-1180,18/04/2025,18500,28/05/2025,5,0,12
CUST-181,04/07/2024,930,Europe,SUP-D,ORD-1181,20/04/2025,14000,30/05/2025,4,2,14
CUST-182,05/07/2024,840,Asia-Pacific,SUP-F,ORD-1182,22/04/2025,25000,01/06/2025,4,1,15
CUST-183,06/07/2024,960,Africa,SUP-C,ORD-1183,25/04/2025,6500,04/06/2025,3,1,19
CUST-184,07/07/2024,820,North America,SUP-G,ORD-1184,28/04/2025,16000,07/06/2025,5,0,13
CUST-185,08/07/2024,940,Europe,SUP-A,ORD-1185,30/04/2025,10500,09/06/2025,4,0,14
CUST-186,09/07/2024,800,Asia-Pacific,SUP-E,ORD-1186,02/05/2025,22000,11/06/2025,5,0,16
CUST-187,10/07/2024,910,Middle East,SUP-B,ORD-1187,05/05/2025,10000,14/06/2025,4,1,15
CUST-188,11/07/2024,880,North America,SUP-D,ORD-1188,08/05/2025,19500,17/06/2025,3,2,12
CUST-189,12/07/2024,860,Europe,SUP-F,ORD-1189,10/05/2025,13000,19/06/2025,5,0,14
CUST-190,13/07/2024,920,Asia-Pacific,SUP-C,ORD-1190,12/05/2025,21500,21/06/2025,4,1,15
CUST-191,14/07/2024,850,Africa,SUP-G,ORD-1191,15/05/2025,8500,24/06/2025,4,0,18
CUST-192,15/07/2024,890,North America,SUP-A,ORD-1192,18/05/2025,17000,27/06/2025,5,0,13
CUST-193,16/07/2024,830,Europe,SUP-E,ORD-1193,20/05/2025,12000,29/06/2025,3,1,14
CUST-194,17/07/2024,950,Asia-Pacific,SUP-B,ORD-1194,22/05/2025,24000,01/07/2025,5,0,16
CUST-195,18/07/2024,810,Middle East,SUP-D,ORD-1195,25/05/2025,7500,04/07/2025,4,1,16
CUST-196,19/07/2024,900,North America,SUP-F,ORD-1196,28/05/2025,18500,07/07/2025,4,0,12
CUST-197,20/07/2024,870,Europe,SUP-C,ORD-1197,30/05/2025,13500,09/07/2025,5,0,14
CUST-198,21/07/2024,890,Asia-Pacific,SUP-G,ORD-1198,02/06/2025,20000,12/07/2025,3,2,15
CUST-199,22/07/2024,930,Africa,SUP-A,ORD-1199,05/06/2025,9000,15/07/2025,4,1,17
CUST-200,23/07/2024,840,North America,SUP-E,ORD-1200,08/06/2025,16000,18/07/2025,5,0,13
CUST-201,24/07/2024,910,Europe,SUP-B,ORD-1201,10/06/2025,11000,20/07/2025,4,0,14
CUST-202,25/07/2024,820,Asia-Pacific,SUP-D,ORD-1202,12/06/2025,22500,22/07/2025,5,0,16
CUST-203,26/07/2024,960,Middle East,SUP-F,ORD-1203,15/06/2025,6000,25/07/2025,4,1,15
CUST-204,27/07/2024,800,North America,SUP-C,ORD-1204,18/06/2025,19500,28/07/2025,3,1,12
CUST-205,28/07/2024,940,Europe,SUP-G,ORD-1205,20/06/2025,15000,30/07/2025,5,0,14
CUST-206,29/07/2024,880,Asia-Pacific,SUP-A,ORD-1206,22/06/2025,20500,01/08/2025,4,2,15
CUST-207,30/07/2024,860,Africa,SUP-E,ORD-1207,25/06/2025,8000,04/08/2025,4,0,18
CUST-208,31/07/2024,900,North America,SUP-B,ORD-1208,28/06/2025,17000,07/08/2025,5,0,13
CUST-209,01/08/2024,850,Europe,SUP-D,ORD-1209,30/06/2025,12000,09/08/2025,3,1,14
CUST-210,02/08/2024,920,Asia-Pacific,SUP-F,ORD-1210,02/07/2025,23500,11/08/2025,5,0,16
CUST-211,03/08/2024,830,Middle East,SUP-C,ORD-1211,05/07/2025,10000,14/08/2025,4,1,15
CUST-212,04/08/2024,950,North America,SUP-G,ORD-1212,08/07/2025,18000,17/08/2025,4,0,12
CUST-213,05/08/2024,810,Europe,SUP-A,ORD-1213,10/07/2025,13500,19/08/2025,5,0,14
CUST-214,06/08/2024,900,Asia-Pacific,SUP-E,ORD-1214,12/07/2025,22000,21/08/2025,3,2,15
CUST-215,07/08/2024,870,Africa,SUP-B,ORD-1215,15/07/2025,7000,24/08/2025,4,1,19
CUST-216,08/08/2024,890,North America,SUP-D,ORD-1216,18/07/2025,19000,27/08/2025,5,0,13
CUST-217,09/08/2024,930,Europe,SUP-F,ORD-1217,20/07/2025,11500,29/08/2025,4,0,14
CUST-218,10/08/2024,840,Asia-Pacific,SUP-C,ORD-1218,22/07/2025,24500,31/08/2025,5,0,16
CUST-219,11/08/2024,960,Middle East,SUP-G,ORD-1219,25/07/2025,9500,04/09/2025,4,1,16
CUST-220,12/08/2024,820,North America,SUP-A,ORD-1220,28/07/2025,16000,07/09/2025,3,1,12
CUST-221,13/08/2024,940,Europe,SUP-E,ORD-1221,30/07/2025,12500,09/09/2025,5,0,14
CUST-222,14/08/2024,800,Asia-Pacific,SUP-B,ORD-1222,02/08/2025,21000,11/09/2025,4,2,15
CUST-223,15/08/2024,910,Africa,SUP-D,ORD-1223,05/08/2025,8000,14/09/2025,4,0,18
CUST-224,16/08/2024,880,North America,SUP-F,ORD-1224,08/08/2025,17500,17/09/2025,5,0,13
CUST-225,17/08/2024,860,Europe,SUP-C,ORD-1225,10/08/2025,13000,19/09/2025,3,1,14
CUST-226,18/08/2024,920,Asia-Pacific,SUP-G,ORD-1226,12/08/2025,23000,21/09/2025,5,0,16
CUST-227,19/08/2024,850,Middle East,SUP-A,ORD-1227,15/08/2025,6000,24/09/2025,4,1,15
CUST-228,20/08/2024,890,North America,SUP-E,ORD-1228,18/08/2025,20000,27/09/2025,4,0,12
CUST-229,21/08/2024,830,Europe,SUP-B,ORD-1229,20/08/2025,10500,29/09/2025,5,0,14
CUST-230,22/08/2024,950,Asia-Pacific,SUP-D,ORD-1230,22/08/2025,22000,01/10/2025,4,2,15
CUST-231,23/08/2024,810,Africa,SUP-F,ORD-1231,25/08/2025,7500,04/10/2025,3,1,19
CUST-232,24/08/2024,900,North America,SUP-C,ORD-1232,28/08/2025,18500,07/10/2025,5,0,13
CUST-233,25/08/2024,870,Europe,SUP-G,ORD-1233,30/08/2025,14000,09/10/2025,4,1,14
CUST-234,26/08/2024,890,Asia-Pacific,SUP-A,ORD-1234,02/09/2025,25000,12/10/2025,4,0,16
CUST-235,27/08/2024,930,Middle East,SUP-E,ORD-1235,05/09/2025,9500,15/10/2025,5,0,16
CUST-236,28/08/2024,840,North America,SUP-B,ORD-1236,08/09/2025,16000,18/10/2025,3,1,12
CUST-237,29/08/2024,910,Europe,SUP-D,ORD-1237,10/09/2025,11000,20/10/2025,4,1,14
CUST-238,30/08/2024,820,Asia-Pacific,SUP-F,ORD-1238,12/09/2025,23000,22/10/2025,5,0,15
CUST-239,31/08/2024,960,Africa,SUP-C,ORD-1239,15/09/2025,8000,25/10/2025,4,2,18
CUST-240,01/09/2024,800,North America,SUP-G,ORD-1240,18/09/2025,17000,28/10/2025,5,0,13
CUST-241,02/09/2024,940,Europe,SUP-A,ORD-1241,20/09/2025,12500,30/10/2025,4,0,14
CUST-242,03/09/2024,880,Asia-Pacific,SUP-E,ORD-1242,22/09/2025,21500,01/11/2025,3,1,16
CUST-243,04/09/2024,860,Middle East,SUP-B,ORD-1243,25/09/2025,6500,04/11/2025,4,1,15
CUST-244,05/09/2024,900,North America,SUP-D,ORD-1244,28/09/2025,20000,07/11/2025,5,0,12
CUST-245,06/09/2024,850,Europe,SUP-F,ORD-1245,30/09/2025,15000,09/11/2025,4,2,14
CUST-246,07/09/2024,920,Asia-Pacific,SUP-C,ORD-1246,02/10/2025,20500,11/11/2025,4,0,15
CUST-247,08/09/2024,830,Africa,SUP-G,ORD-1247,05/10/2025,9000,14/11/2025,5,0,17
CUST-248,09/09/2024,950,North America,SUP-A,ORD-1248,08/10/2025,18000,17/11/2025,3,1,13
CUST-249,10/09/2024,810,Europe,SUP-E,ORD-1249,10/10/2025,13000,19/11/2025,4,1,14
CUST-250,11/09/2024,900,Asia-Pacific,SUP-B,ORD-1250,12/10/2025,24000,21/11/2025,5,0,16
CUST-251,12/09/2024,870,Middle East,SUP-D,ORD-1251,15/10/2025,7500,24/11/2025,4,0,16
CUST-252,13/09/2024,890,North America,SUP-F,ORD-1252,18/10/2025,17000,27/11/2025,5,0,12
CUST-253,14/09/2024,930,Europe,SUP-C,ORD-1253,20/10/2025,11500,29/11/2025,4,2,14
CUST-254,15/09/2024,840,Asia-Pacific,SUP-G,ORD-1254,22/10/2025,22500,01/12/2025,4,1,15
CUST-255,16/09/2024,960,Africa,SUP-A,ORD-1255,25/10/2025,8500,04/12/2025,3,1,19
CUST-256,17/09/2024,820,North America,SUP-E,ORD-1256,28/10/2025,19000,07/12/2025,5,0,13
CUST-257,18/09/2024,940,Europe,SUP-B,ORD-1257,30/10/2025,14000,09/12/2025,4,0,14
CUST-258,19/09/2024,800,Asia-Pacific,SUP-D,ORD-1258,02/11/2025,21000,12/12/2025,5,0,16
CUST-259,20/09/2024,910,Middle East,SUP-F,ORD-1259,05/11/2025,6000,15/12/2025,4,1,15
CUST-260,21/09/2024,880,North America,SUP-C,ORD-1260,08/11/2025,20000,18/12/2025,3,2,12
CUST-261,22/09/2024,860,Europe,SUP-G,ORD-1261,10/11/2025,10500,20/12/2025,5,0,14
CUST-262,23/09/2024,920,Asia-Pacific,SUP-A,ORD-1262,12/11/2025,23000,22/12/2025,4,1,15
CUST-263,24/09/2024,850,Africa,SUP-E,ORD-1263,15/11/2025,9500,25/12/2025,4,0,18
CUST-264,25/09/2024,890,North America,SUP-B,ORD-1264,18/11/2025,17500,28/12/2025,5,0,13
CUST-265,26/09/2024,830,Europe,SUP-D,ORD-1265,20/11/2025,12500,30/12/2025,3,1,14
CUST-266,27/09/2024,950,Asia-Pacific,SUP-F,ORD-1266,22/11/2025,24500,01/01/2026,5,0,16
CUST-267,28/09/2024,810,Middle East,SUP-C,ORD-1267,25/11/2025,7000,04/01/2026,4,1,16
CUST-268,29/09/2024,900,North America,SUP-G,ORD-1268,28/11/2025,19500,07/01/2026,4,0,12
CUST-269,30/09/2024,870,Europe,SUP-A,ORD-1269,30/11/2025,14500,09/01/2026,5,0,14
CUST-270,01/10/2024,890,Asia-Pacific,SUP-E,ORD-1270,02/12/2025,21500,11/01/2026,3,2,15
CUST-271,02/10/2024,930,Africa,SUP-B,ORD-1271,05/12/2025,8000,14/01/2026,4,1,19
CUST-272,03/10/2024,840,North America,SUP-D,ORD-1272,08/12/2025,18000,17/01/2026,5,0,13
CUST-273,04/10/2024,910,Europe,SUP-F,ORD-1273,10/12/2025,13000,19/01/2026,4,0,14
CUST-274,05/10/2024,820,Asia-Pacific,SUP-C,ORD-1274,12/12/2025,23500,21/01/2026,5,0,16
CUST-275,06/10/2024,960,Middle East,SUP-G,ORD-1275,15/12/2025,9000,24/01/2026,4,1,15
CUST-276,07/10/2024,800,North America,SUP-A,ORD-1276,18/12/2025,16500,27/01/2026,3,1,12
CUST-277,08/10/2024,940,Europe,SUP-E,ORD-1277,20/12/2025,11000,29/01/2026,5,0,14
CUST-278,09/10/2024,880,Asia-Pacific,SUP-B,ORD-1278,22/12/2025,22000,31/01/2026,4,2,15
CUST-279,10/10/2024,860,Africa,SUP-D,ORD-1279,25/12/2025,7500,04/02/2026,4,0,18
CUST-280,11/10/2024,900,North America,SUP-F,ORD-1280,28/12/2025,19000,07/02/2026,5,0,13
CUST-281,12/10/2024,850,Europe,SUP-C,ORD-1281,30/12/2025,14500,09/02/2026,3,1,14
CUST-282,13/10/2024,920,Asia-Pacific,SUP-G,ORD-1282,02/01/2026,20500,11/02/2026,5,0,16
CUST-283,14/10/2024,830,Middle East,SUP-A,ORD-1283,05/01/2026,6500,14/02/2026,4,1,15
CUST-284,15/10/2024,950,North America,SUP-E,ORD-1284,08/01/2026,20000,17/02/2026,4,0,12
CUST-285,16/10/2024,810,Europe,SUP-B,ORD-1285,10/01/2026,10000,19/02/2026,5,0,14
CUST-286,17/10/2024,900,Asia-Pacific,SUP-D,ORD-1286,12/01/2026,23000,21/02/2026,4,2,15
CUST-287,18/10/2024,870,Africa,SUP-F,ORD-1287,15/01/2026,9000,24/02/2026,3,1,19
CUST-288,19/10/2024,890,North America,SUP-C,ORD-1288,18/01/2026,17500,27/02/2026,5,0,13
CUST-289,20/10/2024,930,Europe,SUP-G,ORD-1289,20/01/2026,12500,01/03/2026,4,1,14
CUST-290,21/10/2024,840,Asia-Pacific,SUP-A,ORD-1290,22/01/2026,24500,03/03/2026,5,0,16
CUST-291,22/10/2024,960,Middle East,SUP-E,ORD-1291,25/01/2026,8000,06/03/2026,4,0,16
CUST-292,23/10/2024,820,North America,SUP-B,ORD-1292,28/01/2026,19500,09/03/2026,3,1,12
CUST-293,24/10/2024,940,Europe,SUP-D,ORD-1293,30/01/2026,15000,11/03/2026,5,0,14
CUST-294,25/10/2024,800,Asia-Pacific,SUP-F,ORD-1294,02/02/2026,20000,14/03/2026,4,2,15
CUST-295,26/10/2024,910,Africa,SUP-C,ORD-1295,05/02/2026,7000,17/03/2026,4,0,18
CUST-296,27/10/2024,880,North America,SUP-G,ORD-1296,08/02/2026,18000,20/03/2026,5,0,13
CUST-297,28/10/2024,860,Europe,SUP-A,ORD-1297,10/02/2026,13000,22/03/2026,3,1,14
CUST-298,29/10/2024,920,Asia-Pacific,SUP-E,ORD-1298,12/02/2026,22500,24/03/2026,5,0,16
CUST-299,30/10/2024,850,Middle East,SUP-B,ORD-1299,15/02/2026,8500,27/03/2026,4,1,15
CUST-300,31/10/2024,890,North America,SUP-D,ORD-1300,18/02/2026,20000,30/03/2026,4,0,12
CUST-301,01/11/2024,830,Europe,SUP-F,ORD-1301,20/02/2026,10000,01/04/2026,5,0,14
CUST-302,02/11/2024,950,Asia-Pacific,SUP-C,ORD-1302,22/02/2026,24000,03/04/2026,4,2,15
CUST-303,03/11/2024,810,Africa,SUP-G,ORD-1303,25/02/2026,9500,06/04/2026,3,1,19
CUST-304,04/11/2024,900,North America,SUP-A,ORD-1304,28/02/2026,17500,09/04/2026,5,0,13
CUST-305,05/11/2024,870,Europe,SUP-E,ORD-1305,02/03/2026,12500,11/04/2026,4,1,14
CUST-306,06/11/2024,890,Asia-Pacific,SUP-B,ORD-1306,05/03/2026,21000,14/04/2026,4,0,16
CUST-307,07/11/2024,930,Middle East,SUP-D,ORD-1307,08/03/2026,7000,17/04/2026,5,0,16
CUST-308,08/11/2024,840,North America,SUP-F,ORD-1308,10/03/2026,19500,19/04/2026,3,1,12
CUST-309,09/11/2024,910,Europe,SUP-C,ORD-1309,12/03/2026,14000,21/04/2026,4,1,14
CUST-310,10/11/2024,820,Asia-Pacific,SUP-G,ORD-1310,15/03/2026,22000,24/04/2026,5,0,15
CUST-311,11/11/2024,960,Africa,SUP-A,ORD-1311,18/03/2026,8500,27/04/2026,4,2,18
CUST-312,12/11/2024,800,North America,SUP-E,ORD-1312,20/03/2026,18000,29/04/2026,5,0,13
CUST-313,13/11/2024,940,Europe,SUP-B,ORD-1313,22/03/2026,13000,01/05/2026,4,0,14
CUST-314,14/11/2024,880,Asia-Pacific,SUP-D,ORD-1314,25/03/2026,23500,04/05/2026,3,1,16
CUST-315,15/11/2024,860,Middle East,SUP-F,ORD-1315,28/03/2026,9000,07/05/2026,4,1,15
CUST-316,16/11/2024,900,North America,SUP-C,ORD-1316,30/03/2026,17000,09/05/2026,5,0,12
CUST-317,17/11/2024,850,Europe,SUP-G,ORD-1317,02/04/2026,11500,12/05/2026,4,2,14
CUST-318,18/11/2024,920,Asia-Pacific,SUP-A,ORD-1318,05/04/2026,20500,15/05/2026,4,0,15
CUST-319,19/11/2024,830,Africa,SUP-E,ORD-1319,08/04/2026,7500,18/05/2026,5,0,17
CUST-320,20/11/2024,950,North America,SUP-B,ORD-1320,10/04/2026,19500,20/05/2026,3,1,13
CUST-321,21/11/2024,810,Europe,SUP-D,ORD-1321,12/04/2026,14500,22/05/2026,4,1,14
CUST-322,22/11/2024,900,Asia-Pacific,SUP-F,ORD-1322,15/04/2026,25000,25/05/2026,5,0,16
CUST-323,23/11/2024,870,Middle East,SUP-C,ORD-1323,18/04/2026,6000,28/05/2026,4,0,16
CUST-324,24/11/2024,890,North America,SUP-G,ORD-1324,20/04/2026,18000,30/05/2026,5,0,12
CUST-325,25/11/2024,930,Europe,SUP-A,ORD-1325,22/04/2026,13000,01/06/2026,4,2,14
CUST-326,26/11/2024,840,Asia-Pacific,SUP-E,ORD-1326,25/04/2026,22000,04/06/2026,4,1,15
CUST-327,27/11/2024,960,Africa,SUP-B,ORD-1327,28/04/2026,9500,07/06/2026,3,1,19
CUST-328,28/11/2024,820,North America,SUP-D,ORD-1328,30/04/2026,17000,09/06/2026,5,0,13
CUST-329,29/11/2024,940,Europe,SUP-F,ORD-1329,02/05/2026,11000,11/06/2026,4,0,14
CUST-330,30/11/2024,800,Asia-Pacific,SUP-C,ORD-1330,05/05/2026,23000,14/06/2026,5,0,16
CUST-331,01/12/2024,910,Middle East,SUP-G,ORD-1331,08/05/2026,8000,17/06/2026,4,1,15
CUST-332,02/12/2024,880,North America,SUP-A,ORD-1332,10/05/2026,19000,19/06/2026,3,2,12
CUST-333,03/12/2024,860,Europe,SUP-E,ORD-1333,12/05/2026,14000,21/06/2026,5,0,14
CUST-334,04/12/2024,920,Asia-Pacific,SUP-B,ORD-1334,15/05/2026,20500,24/06/2026,4,1,15
CUST-335,05/12/2024,850,Africa,SUP-D,ORD-1335,18/05/2026,7000,27/06/2026,4,0,18
CUST-336,06/12/2024,890,North America,SUP-F,ORD-1336,20/05/2026,18500,29/06/2026,5,0,13
CUST-337,07/12/2024,830,Europe,SUP-C,ORD-1337,22/05/2026,13500,01/07/2026,3,1,14
CUST-338,08/12/2024,950,Asia-Pacific,SUP-G,ORD-1338,25/05/2026,25000,04/07/2026,5,0,16
CUST-339,09/12/2024,810,Middle East,SUP-A,ORD-1339,28/05/2026,9500,07/07/2026,4,1,16
CUST-340,10/12/2024,900,North America,SUP-E,ORD-1340,30/05/2026,16000,09/07/2026,4,0,12
CUST-341,11/12/2024,870,Europe,SUP-B,ORD-1341,02/06/2026,10500,12/07/2026,5,0,14
CUST-342,12/12/2024,890,Asia-Pacific,SUP-D,ORD-1342,05/06/2026,23000,15/07/2026,4,2,15
CUST-343,13/12/2024,930,Africa,SUP-F,ORD-1343,08/06/2026,8000,18/07/2026,3,1,19
CUST-344,14/12/2024,840,North America,SUP-C,ORD-1344,10/06/2026,19000,20/07/2026,5,0,13
CUST-345,15/12/2024,910,Europe,SUP-G,ORD-1345,12/06/2026,14000,22/07/2026,4,1,14
CUST-346,16/12/2024,820,Asia-Pacific,SUP-A,ORD-1346,15/06/2026,22000,25/07/2026,5,0,16
CUST-347,17/12/2024,960,Middle East,SUP-E,ORD-1347,18/06/2026,6500,28/07/2026,4,0,15
CUST-348,18/12/2024,800,North America,SUP-B,ORD-1348,20/06/2026,17500,30/07/2026,3,1,12
CUST-349,19/12/2024,940,Europe,SUP-D,ORD-1349,22/06/2026,12000,01/08/2026,5,0,14
CUST-350,20/12/2024,880,Asia-Pacific,SUP-F,ORD-1350,25/06/2026,24000,04/08/2026,4,2,15
CUST-351,21/12/2024,860,Africa,SUP-C,ORD-1351,28/06/2026,9500,07/08/2026,4,0,18
CUST-352,22/12/2024,900,North America,SUP-G,ORD-1352,30/06/2026,16000,09/08/2026,5,0,13
CUST-353,23/12/2024,850,Europe,SUP-A,ORD-1353,02/07/2026,11000,11/08/2026,3,1,14
CUST-354,24/12/2024,920,Asia-Pacific,SUP-E,ORD-1354,05/07/2026,21500,14/08/2026,5,0,16
CUST-355,25/12/2024,830,Middle East,SUP-B,ORD-1355,08/07/2026,7000,17/08/2026,4,1,15
CUST-356,26/12/2024,950,North America,SUP-D,ORD-1356,10/07/2026,20000,19/08/2026,4,0,12
CUST-357,27/12/2024,810,Europe,SUP-F,ORD-1357,12/07/2026,15000,21/08/2026,5,0,14
CUST-358,28/12/2024,900,Asia-Pacific,SUP-C,ORD-1358,15/07/2026,20000,24/08/2026,4,2,15
CUST-359,29/12/2024,870,Africa,SUP-G,ORD-1359,18/07/2026,9000,27/08/2026,3,1,19
CUST-360,30/12/2024,890,North America,SUP-A,ORD-1360,20/07/2026,18000,29/08/2026,5,0,13
CUST-361,31/12/2024,930,Europe,SUP-E,ORD-1361,22/07/2026,13000,31/08/2026,4,1,14
CUST-362,01/01/2025,840,Asia-Pacific,SUP-B,ORD-1362,25/07/2026,22500,04/09/2026,5,0,16
CUST-363,02/01/2025,960,Middle East,SUP-D,ORD-1363,28/07/2026,8500,07/09/2026,4,0,16
CUST-364,03/01/2025,820,North America,SUP-F,ORD-1364,30/07/2026,17000,09/09/2026,3,1,12
CUST-365,04/01/2025,940,Europe,SUP-C,ORD-1365,02/08/2026,11500,11/09/2026,5,0,14
CUST-366,05/01/2025,800,Asia-Pacific,SUP-G,ORD-1366,05/08/2026,24000,14/09/2026,4,2,15
CUST-367,06/01/2025,910,Africa,SUP-A,ORD-1367,08/08/2026,7000,17/09/2026,4,0,18
CUST-368,07/01/2025,880,North America,SUP-E,ORD-1368,10/08/2026,19500,19/09/2026,5,0,13
CUST-369,08/01/2025,860,Europe,SUP-B,ORD-1369,12/08/2026,14500,21/09/2026,3,1,14
CUST-370,09/01/2025,920,Asia-Pacific,SUP-D,ORD-1370,15/08/2026,20000,24/09/2026,5,0,16
CUST-371,10/01/2025,850,Middle East,SUP-F,ORD-1371,18/08/2026,9000,27/09/2026,4,1,15
CUST-372,11/01/2025,890,North America,SUP-C,ORD-1372,20/08/2026,18000,29/09/2026,4,0,12
CUST-373,12/01/2025,830,Europe,SUP-G,ORD-1373,22/08/2026,13000,01/10/2026,5,0,14
CUST-374,13/01/2025,950,Asia-Pacific,SUP-A,ORD-1374,25/08/2026,22500,04/10/2026,4,2,15
CUST-375,14/01/2025,810,Africa,SUP-E,ORD-1375,28/08/2026,8000,07/10/2026,3,1,19
CUST-376,15/01/2025,900,North America,SUP-B,ORD-1376,30/08/2026,17000,09/10/2026,5,0,13
CUST-377,16/01/2025,870,Europe,SUP-D,ORD-1377,02/09/2026,11500,12/10/2026,4,1,14
CUST-378,17/01/2025,890,Asia-Pacific,SUP-F,ORD-1378,05/09/2026,24000,15/10/2026,4,0,16
CUST-379,18/01/2025,930,Middle East,SUP-C,ORD-1379,08/09/2026,9500,18/10/2026,5,0,16
CUST-380,19/01/2025,840,North America,SUP-G,ORD-1380,10/09/2026,19000,20/10/2026,3,1,12
CUST-381,20/01/2025,910,Europe,SUP-A,ORD-1381,12/09/2026,14000,22/10/2026,4,1,14
CUST-382,21/01/2025,820,Asia-Pacific,SUP-E,ORD-1382,15/09/2026,21000,25/10/2026,5,0,15
CUST-383,22/01/2025,960,Africa,SUP-B,ORD-1383,18/09/2026,6500,28/10/2026,4,2,18
CUST-384,23/01/2025,800,North America,SUP-D,ORD-1384,20/09/2026,18500,30/10/2026,5,0,13
CUST-385,24/01/2025,940,Europe,SUP-F,ORD-1385,22/09/2026,10000,01/11/2026,4,0,14
CUST-386,25/01/2025,880,Asia-Pacific,SUP-C,ORD-1386,25/09/2026,23000,04/11/2026,3,1,16
CUST-387,26/01/2025,860,Middle East,SUP-G,ORD-1387,28/09/2026,8000,07/11/2026,4,1,15
CUST-388,27/01/2025,900,North America,SUP-A,ORD-1388,30/09/2026,20000,09/11/2026,5,0,12
CUST-389,28/01/2025,850,Europe,SUP-E,ORD-1389,02/10/2026,15000,11/11/2026,4,2,14
CUST-390,29/01/2025,920,Asia-Pacific,SUP-B,ORD-1390,05/10/2026,20500,14/11/2026,4,0,15
CUST-391,30/01/2025,830,Africa,SUP-D,ORD-1391,08/10/2026,9000,17/11/2026,5,0,17
CUST-392,31/01/2025,950,North America,SUP-F,ORD-1392,10/10/2026,17000,19/11/2026,3,1,13
CUST-393,01/02/2025,810,Europe,SUP-C,ORD-1393,12/10/2026,12000,21/11/2026,4,1,14
CUST-394,02/02/2025,900,Asia-Pacific,SUP-G,ORD-1394,15/10/2026,24000,24/11/2026,5,0,16
CUST-395,03/02/2025,870,Middle East,SUP-A,ORD-1395,18/10/2026,7500,27/11/2026,4,0,16
CUST-396,04/02/2025,890,North America,SUP-E,ORD-1396,20/10/2026,19000,29/11/2026,5,0,12
CUST-397,05/02/2025,930,Europe,SUP-B,ORD-1397,22/10/2026,14000,01/12/2026,4,2,14
CUST-398,06/02/2025,840,Asia-Pacific,SUP-D,ORD-1398,25/10/2026,21500,04/12/2026,4,1,15
CUST-399,07/02/2025,960,Africa,SUP-F,ORD-1399,28/10/2026,8500,07/12/2026,3,1,19
CUST-400,08/02/2025,820,North America,SUP-C,ORD-1400,30/10/2026,18000,09/12/2026,5,0,13
CUST-401,09/02/2025,940,Europe,SUP-G,ORD-1401,02/11/2026,10000,12/12/2026,4,0,14
CUST-402,10/02/2025,800,Asia-Pacific,SUP-A,ORD-1402,05/11/2026,23500,15/12/2026,5,0,16
CUST-403,11/02/2025,910,Middle East,SUP-E,ORD-1403,08/11/2026,6000,18/12/2026,4,1,15
CUST-404,12/02/2025,880,North America,SUP-B,ORD-1404,10/11/2026,20000,20/12/2026,3,2,12
CUST-405,13/02/2025,860,Europe,SUP-D,ORD-1405,12/11/2026,15000,22/12/2026,5,0,14
CUST-406,14/02/2025,920,Asia-Pacific,SUP-F,ORD-1406,15/11/2026,20000,25/12/2026,4,1,15
CUST-407,15/02/2025,850,Africa,SUP-C,ORD-1407,18/11/2026,9000,28/12/2026,4,0,18
CUST-408,16/02/2025,890,North America,SUP-G,ORD-1408,20/11/2026,17000,30/12/2026,5,0,13
CUST-409,17/02/2025,830,Europe,SUP-A,ORD-1409,22/11/2026,12000,01/01/2027,3,1,14
CUST-410,18/02/2025,950,Asia-Pacific,SUP-E,ORD-1410,25/11/2026,23000,04/01/2027,5,0,16
CUST-411,19/02/2025,810,Middle East,SUP-B,ORD-1411,28/11/2026,7500,07/01/2027,4,1,16
CUST-412,20/02/2025,900,North America,SUP-D,ORD-1412,30/11/2026,18500,09/01/2027,4,0,12
CUST-413,21/02/2025,870,Europe,SUP-F,ORD-1413,02/12/2026,13500,11/01/2027,5,0,14
CUST-414,22/02/2025,890,Asia-Pacific,SUP-C,ORD-1414,05/12/2026,25000,14/01/2027,4,2,15
CUST-415,23/02/2025,930,Africa,SUP-G,ORD-1415,08/12/2026,8000,17/01/2027,3,1,19
CUST-416,24/02/2025,840,North America,SUP-A,ORD-1416,10/12/2026,16000,19/01/2027,5,0,13
CUST-417,25/02/2025,910,Europe,SUP-E,ORD-1417,12/12/2026,11000,21/01/2027,4,1,14
CUST-418,26/02/2025,820,Asia-Pacific,SUP-B,ORD-1418,15/12/2026,21500,24/01/2027,5,0,16
CUST-4十九,27/02/2025,960,Middle East,SUP-D,ORD-1419,18/12/2026,9500,27/01/2027,4,0,15
CUST-420,28/02/2025,800,North America,SUP-F,ORD-1420,20/12/2026,17500,29/01/2027,3,1,12
CUST-421,01/03/2025,940,Europe,SUP-C,ORD-1421,22/12/2026,12500,31/01/2027,5,0,14
CUST-422,02/03/2025,880,Asia-Pacific,SUP-G,ORD-1422,25/12/2026,24000,04/02/2027,4,2,15
CUST-423,03/03/2025,860,Africa,SUP-A,ORD-1423,28/12/2026,6000,07/02/2027,4,0,18
CUST-424,04/03/2025,900,North America,SUP-E,ORD-1424,30/12/2026,19500,09/02/2027,5,0,13
CUST-425,05/03/2025,850,Europe,SUP-B,ORD-1425,02/01/2027,14500,11/02/2027,3,1,14
CUST-426,06/03/2025,920,Asia-Pacific,SUP-D,ORD-1426,05/01/2027,20000,14/02/2027,5,0,16
CUST-427,07/03/2025,830,Middle East,SUP-F,ORD-1427,08/01/2027,8500,17/02/2027,4,1,15
CUST-428,08/03/2025,950,North America,SUP-C,ORD-1428,10/01/2027,18000,19/02/2027,4,0,12
CUST-429,09/03/2025,810,Europe,SUP-G,ORD-1429,12/01/2027,13000,21/02/2027,5,0,14
CUST-430,10/03/2025,900,Asia-Pacific,SUP-A,ORD-1430,15/01/2027,22500,24/02/2027,4,2,15
CUST-431,11/03/2025,870,Africa,SUP-E,ORD-1431,18/01/2027,7000,27/02/2027,3,1,19
CUST-432,12/03/2025,890,North America,SUP-B,ORD-1432,20/01/2027,17000,01/03/2027,5,0,13
CUST-433,13/03/2025,930,Europe,SUP-D,ORD-1433,22/01/2027,11500,03/03/2027,4,1,14
CUST-434,14/03/2025,840,Asia-Pacific,SUP-F,ORD-1434,25/01/2027,24000,06/03/2027,5,0,16
CUST-435,15/03/2025,960,Middle East,SUP-C,ORD-1435,28/01/2027,9500,09/03/2027,4,0,16
CUST-436,16/03/2025,820,North America,SUP-G,ORD-1436,30/01/2027,19000,11/03/2027,3,1,12
CUST-437,17/03/2025,940,Europe,SUP-A,ORD-1437,02/02/2027,14000,14/03/2027,5,0,14
CUST-438,18/03/2025,800,Asia-Pacific,SUP-E,ORD-1438,05/02/2027,21000,17/03/2027,4,2,15
CUST-439,19/03/2025,910,Africa,SUP-B,ORD-1439,08/02/2027,8000,20/03/2027,4,0,18
CUST-440,20/03/2025,880,North America,SUP-D,ORD-1440,10/02/2027,18500,22/03/2027,5,0,13
CUST-441,21/03/2025,860,Europe,SUP-F,ORD-1441,12/02/2027,13000,24/03/2027,3,1,14
CUST-442,22/03/2025,920,Asia-Pacific,SUP-C,ORD-1442,15/02/2027,22500,27/03/2027,5,0,16
CUST-443,23/03/2025,850,Middle East,SUP-G,ORD-1443,18/02/2027,6500,30/03/2027,4,1,15
CUST-444,24/03/2025,890,North America,SUP-A,ORD-1444,20/02/2027,20000,01/04/2027,4,0,12
CUST-445,25/03/2025,830,Europe,SUP-E,ORD-1445,22/02/2027,10500,03/04/2027,5,0,14
CUST-446,26/03/2025,950,Asia-Pacific,SUP-B,ORD-1446,25/02/2027,24000,06/04/2027,4,2,15
CUST-447,27/03/2025,810,Africa,SUP-D,ORD-1447,28/02/2027,9500,09/04/2027,3,1,19
CUST-448,28/03/2025,900,North America,SUP-F,ORD-1448,02/03/2027,17500,11/04/2027,5,0,13
CUST-449,29/03/2025,870,Europe,SUP-C,ORD-1449,05/03/2027,12500,14/04/2027,4,1,14
CUST-450,30/03/2025,890,Asia-Pacific,SUP-G,ORD-1450,08/03/2027,21000,17/04/2027,4,0,16
CUST-451,31/03/2025,930,Middle East,SUP-A,ORD-1451,10/03/2027,7000,19/04/2027,5,0,16
CUST-452,01/04/2025,840,North America,SUP-E,ORD-1452,12/03/2027,19500,21/04/2027,3,1,12
CUST-453,02/04/2025,910,Europe,SUP-B,ORD-1453,15/03/2027,14500,24/04/2027,4,1,14
CUST-454,03/04/2025,820,Asia-Pacific,SUP-D,ORD-1454,18/03/2027,23000,27/04/2027,5,0,15
CUST-455,04/04/2025,960,Africa,SUP-F,ORD-1455,20/03/2027,8000,29/04/2027,4,2,18
CUST-456,05/04/2025,800,North America,SUP-C,ORD-1456,22/03/2027,18000,01/05/2027,5,0,13
CUST-457,06/04/2025,940,Europe,SUP-G,ORD-1457,25/03/2027,10000,04/05/2027,4,0,14
CUST-458,07/04/2025,880,Asia-Pacific,SUP-A,ORD-1458,28/03/2027,22000,07/05/2027,3,1,16
CUST-459,08/04/2025,860,Middle East,SUP-E,ORD-1459,30/03/2027,9000,09/05/2027,4,1,15
CUST-460,09/04/2025,900,North America,SUP-B,ORD-1460,02/04/2027,20000,12/05/2027,5,0,12
CUST-461,10/04/2025,850,Europe,SUP-D,ORD-1461,05/04/2027,15000,15/05/2027,4,2,14
CUST-462,11/04/2025,920,Asia-Pacific,SUP-F,ORD-1462,08/04/2027,20500,18/05/2027,4,0,15
CUST-463,12/04/2025,830,Africa,SUP-C,ORD-1463,10/04/2027,7500,20/05/2027,5,0,17
CUST-464,13/04/2025,950,North America,SUP-G,ORD-1464,12/04/2027,17000,22/05/2027,3,1,13
CUST-465,14/04/2025,810,Europe,SUP-A,ORD-1465,15/04/2027,12000,25/05/2027,4,1,14
CUST-466,15/04/2025,900,Asia-Pacific,SUP-E,ORD-1466,18/04/2027,23500,28/05/2027,5,0,16
CUST-467,16/04/2025,870,Middle East,SUP-B,ORD-1467,20/04/2027,8500,30/05/2027,4,0,16
CUST-468,17/04/2025,890,North America,SUP-D,ORD-1468,22/04/2027,19500,01/06/2027,5,0,12
CUST-469,18/04/2025,930,Europe,SUP-F,ORD-1469,25/04/2027,14000,04/06/2027,4,2,14
CUST-470,19/04/2025,840,Asia-Pacific,SUP-C,ORD-1470,28/04/2027,21000,07/06/2027,4,1,15
CUST-471,20/04/2025,960,Africa,SUP-G,ORD-1471,30/04/2027,9000,09/06/2027,3,1,19
CUST-472,21/04/2025,820,North America,SUP-A,ORD-1472,02/05/2027,18500,11/06/2027,5,0,13
CUST-473,22/04/2025,940,Europe,SUP-E,ORD-1473,05/05/2027,10500,14/06/2027,4,0,14
CUST-474,23/04/2025,800,Asia-Pacific,SUP-B,ORD-1474,08/05/2027,22000,17/06/2027,5,0,16
CUST-475,24/04/2025,910,Middle East,SUP-D,ORD-1475,10/05/2027,6500,19/06/2027,4,1,15
CUST-476,25/04/2025,880,North America,SUP-F,ORD-1476,12/05/2027,20000,21/06/2027,3,2,12
CUST-477,26/04/2025,860,Europe,SUP-C,ORD-1477,15/05/2027,15000,24/06/2027,5,0,14
CUST-478,27/04/2025,920,Asia-Pacific,SUP-G,ORD-1478,18/05/2027,20000,27/06/2027,4,1,15
CUST-479,28/04/2025,850,Africa,SUP-A,ORD-1479,20/05/2027,8000,29/06/2027,4,0,18
CUST-480,29/04/2025,890,North America,SUP-E,ORD-1480,22/05/2027,17000,01/07/2027,5,0,13
CUST-481,30/04/2025,830,Europe,SUP-B,ORD-1481,25/05/2027,12000,04/07/2027,3,1,14
CUST-482,01/05/2025,950,Asia-Pacific,SUP-D,ORD-1482,28/05/2027,23500,07/07/2027,5,0,16
CUST-483,02/05/2025,810,Middle East,SUP-F,ORD-1483,30/05/2027,7000,09/07/2027,4,1,16
CUST-484,03/05/2025,900,North America,SUP-C,ORD-1484,02/06/2027,19000,12/07/2027,4,0,12
CUST-485,04/05/2025,870,Europe,SUP-G,ORD-1485,05/06/2027,14000,15/07/2027,5,0,14
CUST-486,05/05/2025,890,Asia-Pacific,SUP-A,ORD-1486,08/06/2027,21500,18/07/2027,4,2,15
CUST-487,06/05/2025,930,Africa,SUP-E,ORD-1487,10/06/2027,9500,20/07/2027,3,1,19
CUST-488,07/05/2025,840,North America,SUP-B,ORD-1488,12/06/2027,18000,22/07/2027,5,0,13
CUST-489,08/05/2025,910,Europe,SUP-D,ORD-1489,15/06/2027,13000,25/07/2027,4,1,14
CUST-490,09/05/2025,820,Asia-Pacific,SUP-F,ORD-1490,18/06/2027,24500,28/07/2027,5,0,16
CUST-491,10/05/2025,960,Middle East,SUP-C,ORD-1491,20/06/2027,6000,30/07/2027,4,0,15
CUST-492,11/05/2025,800,North America,SUP-G,ORD-1492,22/06/2027,17500,01/08/2027,3,1,12
CUST-493,12/05/2025,940,Europe,SUP-A,ORD-1493,25/06/2027,12500,04/08/2027,5,0,14
CUST-494,13/05/2025,880,Asia-Pacific,SUP-E,ORD-1494,28/06/2027,20000,07/08/2027,4,2,15
CUST-495,14/05/2025,860,Africa,SUP-B,ORD-1495,30/06/2027,9000,09/08/2027,4,0,18
CUST-496,15/05/2025,900,North America,SUP-D,ORD-1496,02/07/2027,19500,11/08/2027,5,0,13
CUST-497,16/05/2025,850,Europe,SUP-F,ORD-1497,05/07/2027,14500,14/08/2027,3,1,14
CUST-498,17/05/2025,920,Asia-Pacific,SUP-C,ORD-1498,08/07/2027,21000,17/08/2027,5,0,16
CUST-499,18/05/2025,830,Middle East,SUP-G,ORD-1499,10/07/2027,8000,19/08/2027,4,1,15
CUST-500,19/05/2025,950,North America,SUP-A,ORD-1500,12/07/2027,18000,21/08/2027,4,0,12
CUST-501,20/05/2025,810,Europe,SUP-E,ORD-1501,15/07/2027,10000,24/08/2027,5,0,14
CUST-502,21/05/2025,900,Asia-Pacific,SUP-B,ORD-1502,18/07/2027,23000,27/08/2027,4,2,15
CUST-503,22/05/2025,870,Africa,SUP-D,ORD-1503,20/07/2027,7000,29/08/2027,3,1,19
CUST-504,23/05/2025,890,North America,SUP-F,ORD-1504,22/07/2027,17500,31/08/2027,5,0,13
CUST-505,24/05/2025,930,Europe,SUP-C,ORD-1505,25/07/2027,12500,04/09/2027,4,1,14
CUST-506,25/05/2025,840,Asia-Pacific,SUP-G,ORD-1506,28/07/2027,24500,07/09/2027,5,0,16
CUST-507,26/05/2025,960,Middle East,SUP-A,ORD-1507,30/07/2027,9500,09/09/2027,4,0,16
CUST-508,27/05/2025,820,North America,SUP-E,ORD-1508,02/08/2027,19000,11/09/2027,3,1,12
CUST-509,28/05/2025,940,Europe,SUP-B,ORD-1509,05/08/2027,14000,14/09/2027,5,0,14
CUST-510,29/05/2025,800,Asia-Pacific,SUP-D,ORD-1510,08/08/2027,20000,17/09/2027,4,2,15
CUST-511,30/05/2025,910,Africa,SUP-F,ORD-1511,10/08/2027,8500,19/09/2027,4,0,18
CUST-512,31/05/2025,880,North America,SUP-C,ORD-1512,12/08/2027,18500,21/09/2027,5,0,13
CUST-513,01/06/2025,860,Europe,SUP-G,ORD-1513,15/08/2027,13500,24/09/2027,3,1,14
CUST-514,02/06/2025,920,Asia-Pacific,SUP-A,ORD-1514,18/08/2027,22000,27/09/2027,5,0,16
CUST-515,03/06/2025,850,Middle East,SUP-E,ORD-1515,20/08/2027,6000,29/09/2027,4,1,15
CUST-516,04/06/2025,890,North America,SUP-B,ORD-1516,22/08/2027,17000,01/10/2027,4,0,12
CUST-517,05/06/2025,830,Europe,SUP-D,ORD-1517,25/08/2027,11500,04/10/2027,5,0,14
CUST-518,06/06/2025,950,Asia-Pacific,SUP-F,ORD-1518,28/08/2027,23500,07/10/2027,4,2,15
CUST-519,07/06/2025,810,Africa,SUP-C,ORD-1519,30/08/2027,9000,09/10/2027,3,1,19
CUST-520,08/06/2025,900,North America,SUP-G,ORD-1520,02/09/2027,19500,12/10/2027,5,0,13
CUST-521,09/06/2025,870,Europe,SUP-A,ORD-1521,05/09/2027,14000,15/10/2027,4,1,14
CUST-522,10/06/2025,890,Asia-Pacific,SUP-E,ORD-1522,08/09/2027,21000,18/10/2027,4,0,16
CUST-523,11/06/2025,930,Middle East,SUP-B,ORD-1523,10/09/2027,7500,20/10/2027,5,0,16
CUST-524,12/06/2025,840,North America,SUP-D,ORD-1524,12/09/2027,18500,22/10/2027,3,1,12
CUST-525,13/06/2025,910,Europe,SUP-F,ORD-1525,15/09/2027,10000,25/10/2027,4,1,14
CUST-526,14/06/2025,820,Asia-Pacific,SUP-C,ORD-1526,18/09/2027,22000,28/10/2027,5,0,15
CUST-527,15/06/2025,960,Africa,SUP-G,ORD-1527,20/09/2027,8500,30/10/2027,4,2,18
CUST-528,16/06/2025,800,North America,SUP-A,ORD-1528,22/09/2027,17500,01/11/2027,5,0,13
CUST-529,17/06/2025,940,Europe,SUP-E,ORD-1529,25/09/2027,12500,04/11/2027,4,0,14
CUST-530,18/06/2025,880,Asia-Pacific,SUP-B,ORD-1530,28/09/2027,23500,07/11/2027,3,1,16
CUST-531,19/06/2025,860,Middle East,SUP-D,ORD-1531,30/09/2027,6000,09/11/2027,4,1,15
CUST-532,20/06/2025,900,North America,SUP-F,ORD-1532,02/10/2027,20000,11/11/2027,5,0,12
CUST-533,21/06/2025,850,Europe,SUP-C,ORD-1533,05/10/2027,15000,14/11/2027,4,2,14
CUST-534,22/06/2025,920,Asia-Pacific,SUP-G,ORD-1534,08/10/2027,20000,17/11/2027,4,0,15
CUST-535,23/06/2025,830,Africa,SUP-A,ORD-1535,10/10/2027,9500,19/11/2027,5,0,17
CUST-536,24/06/2025,950,North America,SUP-E,ORD-1536,12/10/2027,18000,21/11/2027,3,1,13
CUST-537,25/06/2025,810,Europe,SUP-B,ORD-1537,15/10/2027,13000,24/11/2027,4,1,14
CUST-538,26/06/2025,900,Asia-Pacific,SUP-D,ORD-1538,18/10/2027,24500,27/11/2027,5,0,16
CUST-539,27/06/2025,870,Middle East,SUP-F,ORD-1539,20/10/2027,7000,29/11/2027,4,0,16
CUST-540,28/06/2025,890,North America,SUP-C,ORD-1540,22/10/2027,17000,01/12/2027,5,0,12
CUST-541,29/06/2025,930,Europe,SUP-G,ORD-1541,25/10/2027,11500,04/12/2027,4,2,14
CUST-542,30/06/2025,840,Asia-Pacific,SUP-A,ORD-1542,28/10/2027,22500,07/12/2027,4,1,15
CUST-543,01/07/2025,960,Africa,SUP-E,ORD-1543,30/10/2027,8500,09/12/2027,3,1,19
CUST-544,02/07/2025,820,North America,SUP-B,ORD-1544,02/11/2027,19500,12/12/2027,5,0,13
CUST-545,03/07/2025,940,Europe,SUP-D,ORD-1545,05/11/2027,14500,15/12/2027,4,0,14
CUST-546,04/07/2025,800,Asia-Pacific,SUP-F,ORD-1546,08/11/2027,21000,18/12/2027,5,0,16
CUST-547,05/07/2025,910,Middle East,SUP-C,ORD-1547,10/11/2027,6000,20/12/2027,4,1,15
CUST-548,06/07/2025,880,North America,SUP-G,ORD-1548,12/11/2027,20000,22/12/2027,3,2,12
CUST-549,07/07/2025,860,Europe,SUP-A,ORD-1549,15/11/2027,10000,25/12/2027,5,0,14
CUST-550,08/07/2025,920,Asia-Pacific,SUP-E,ORD-1550,18/11/2027,23000,28/12/2027,4,1,15
CUST-551,09/07/2025,850,Africa,SUP-B,ORD-1551,20/11/2027,9500,30/12/2027,4,0,18
CUST-552,10/07/2025,890,North America,SUP-D,ORD-1552,22/11/2027,17500,01/01/2028,5,0,13
CUST-553,11/07/2025,830,Europe,SUP-F,ORD-1553,25/11/2027,12500,04/01/2028,3,1,14
CUST-554,12/07/2025,950,Asia-Pacific,SUP-C,ORD-1554,28/11/2027,24500,07/01/2028,5,0,16
CUST-555,13/07/2025,810,Middle East,SUP-G,ORD-1555,30/11/2027,7000,09/01/2028,4,1,16
CUST-556,14/07/2025,900,North America,SUP-A,ORD-1556,02/12/2027,19500,11/01/2028,4,0,12
CUST-557,15/07/2025,870,Europe,SUP-E,ORD-1557,05/12/2027,14500,14/01/2028,5,0,14
CUST-558,16/07/2025,890,Asia-Pacific,SUP-B,ORD-1558,08/12/2027,21500,17/01/2028,4,2,15
CUST-559,17/07/2025,930,Africa,SUP-D,ORD-1559,10/12/2027,8000,19/01/2028,3,1,19
CUST-560,18/07/2025,840,North America,SUP-F,ORD-1560,12/12/2027,18000,21/01/2028,5,0,13
CUST-561,19/07/2025,910,Europe,SUP-C,ORD-1561,15/12/2027,13000,24/01/2028,4,1,14
CUST-562,20/07/2025,820,Asia-Pacific,SUP-G,ORD-1562,18/12/2027,24000,27/01/2028,5,0,16
CUST-563,21/07/2025,960,Middle East,SUP-A,ORD-1563,20/12/2027,9500,29/01/2028,4,0,15
CUST-564,22/07/2025,800,North America,SUP-E,ORD-1564,22/12/2027,17000,31/01/2028,3,1,12
CUST-565,23/07/2025,940,Europe,SUP-B,ORD-1565,25/12/2027,11500,04/02/2028,5,0,14
CUST-566,24/07/2025,880,Asia-Pacific,SUP-D,ORD-1566,28/12/2027,22500,07/02/2028,4,2,15
CUST-567,25/07/2025,860,Africa,SUP-F,ORD-1567,30/12/2027,7000,09/02/2028,4,0,18
CUST-568,26/07/2025,900,North America,SUP-C,ORD-1568,02/01/2028,19000,11/02/2028,5,0,13
CUST-569,27/07/2025,850,Europe,SUP-G,ORD-1569,05/01/2028,14000,14/02/2028,3,1,14
CUST-570,28/07/2025,920,Asia-Pacific,SUP-A,ORD-1570,08/01/2028,20500,17/02/2028,5,0,16
CUST-571,29/07/2025,830,Middle East,SUP-E,ORD-1571,10/01/2028,8000,19/02/2028,4,1,15
CUST-572,30/07/2025,950,North America,SUP-B,ORD-1572,12/01/2028,18500,21/02/2028,4,0,12
CUST-573,31/07/2025,810,Europe,SUP-D,ORD-1573,15/01/2028,13500,24/02/2028,5,0,14
CUST-574,01/08/2025,900,Asia-Pacific,SUP-F,ORD-1574,18/01/2028,25000,27/02/2028,4,2,15
CUST-575,02/08/2025,870,Africa,SUP-C,ORD-1575,20/01/2028,9500,29/02/2028,3,1,19
CUST-576,03/08/2025,890,North America,SUP-G,ORD-1576,22/01/2028,16000,02/03/2028,5,0,13
CUST-577,04/08/2025,930,Europe,SUP-A,ORD-1577,25/01/2028,11000,05/03/2028,4,1,14
CUST-578,05/08/2025,840,Asia-Pacific,SUP-E,ORD-1578,28/01/2028,22000,08/03/2028,5,0,16
CUST-579,06/08/2025,960,Middle East,SUP-B,ORD-1579,30/01/2028,6500,10/03/2028,4,0,16
CUST-580,07/08/2025,820,North America,SUP-D,ORD-1580,02/02/2028,17500,13/03/2028,3,1,12
CUST-581,08/08/2025,940,Europe,SUP-F,ORD-1581,05/02/2028,12500,16/03/2028,5,0,14
CUST-582,09/08/2025,800,Asia-Pacific,SUP-C,ORD-1582,08/02/2028,24000,19/03/2028,4,2,15
CUST-583,10/08/2025,910,Africa,SUP-G,ORD-1583,10/02/2028,8000,21/03/2028,4,0,18
CUST-584,11/08/2025,880,North America,SUP-A,ORD-1584,12/02/2028,19500,23/03/2028,5,0,13
CUST-585,12/08/2025,860,Europe,SUP-E,ORD-1585,15/02/2028,14500,26/03/2028,3,1,14
CUST-586,13/08/2025,920,Asia-Pacific,SUP-B,ORD-1586,18/02/2028,20000,29/03/2028,5,0,16
CUST-587,14/08/2025,850,Middle East,SUP-D,ORD-1587,20/02/2028,9000,31/03/2028,4,1,15
CUST-588,15/08/2025,890,North America,SUP-F,ORD-1588,22/02/2028,18000,02/04/2028,4,0,12
CUST-589,16/08/2025,830,Europe,SUP-C,ORD-1589,25/02/2028,13000,05/04/2028,5,0,14
CUST-590,17/08/2025,950,Asia-Pacific,SUP-G,ORD-1590,28/02/2028,22500,08/04/2028,4,2,15
CUST-591,18/08/2025,810,Africa,SUP-A,ORD-1591,02/03/2028,7500,11/04/2028,3,1,19
CUST-592,19/08/2025,900,North America,SUP-E,ORD-1592,05/03/2028,17000,14/04/2028,5,0,13
CUST-593,20/08/2025,870,Europe,SUP-B,ORD-1593,08/03/2028,11500,17/04/2028,4,1,14
CUST-594,21/08/2025,890,Asia-Pacific,SUP-D,ORD-1594,10/03/2028,24000,19/04/2028,5,0,16
CUST-595,22/08/2025,930,Middle East,SUP-F,ORD-1595,12/03/2028,8500,21/04/2028,4,0,16
CUST-596,23/08/2025,840,North America,SUP-C,ORD-1596,15/03/2028,19500,24/04/2028,3,1,12
CUST-597,24/08/2025,910,Europe,SUP-G,ORD-1597,18/03/2028,14500,27/04/2028,5,0,14
CUST-598,25/08/2025,820,Asia-Pacific,SUP-A,ORD-1598,20/03/2028,20000,29/04/2028,4,2,15
CUST-599,26/08/2025,960,Africa,SUP-E,ORD-1599,22/03/2028,9000,01/05/2028,4,0,18
CUST-600,27/08/2025,800,North America,SUP-B,ORD-1600,25/03/2028,18000,04/05/2028,5,0,13
CUST-601,28/08/2025,940,Europe,SUP-D,ORD-1601,28/03/2028,13000,07/05/2028,3,1,14
CUST-602,29/08/2025,880,Asia-Pacific,SUP-F,ORD-1602,30/03/2028,22500,09/05/2028,5,0,16
CUST-603,30/08/2025,860,Middle East,SUP-C,ORD-1603,02/04/2028,7500,12/05/2028,4,1,15
CUST-604,31/08/2025,900,North America,SUP-G,ORD-1604,05/04/2028,17000,15/05/2028,4,0,12
CUST-605,01/09/2025,850,Europe,SUP-A,ORD-1605,08/04/2028,11000,18/05/2028,5,0,14
CUST-606,02/09/2025,920,Asia-Pacific,SUP-E,ORD-1606,10/04/2028,24000,20/05/2028,4,2,15
CUST-607,03/09/2025,830,Africa,SUP-B,ORD-1607,12/04/2028,8500,22/05/2028,3,1,19
CUST-608,04/09/2025,950,North America,SUP-D,ORD-1608,15/04/2028,19000,25/05/2028,5,0,13
CUST-609,05/09/2025,810,Europe,SUP-F,ORD-1609,18/04/2028,14000,28/05/2028,4,1,14
CUST-610,06/09/2025,900,Asia-Pacific,SUP-C,ORD-1610,20/04/2028,20500,30/05/2028,4,0,16
CUST-611,07/09/2025,870,Middle East,SUP-G,ORD-1611,22/04/2028,9000,01/06/2028,5,0,16
CUST-612,08/09/2025,890,North America,SUP-A,ORD-1612,25/04/2028,18500,04/06/2028,3,1,12
CUST-613,09/09/2025,930,Europe,SUP-E,ORD-1613,28/04/2028,10000,07/06/2028,4,1,14
CUST-614,10/09/2025,840,Asia-Pacific,SUP-B,ORD-1614,30/04/2028,22000,09/06/2028,5,0,15
CUST-615,11/09/2025,960,Africa,SUP-D,ORD-1615,02/05/2028,7500,11/06/2028,4,2,18
CUST-616,12/09/2025,820,North America,SUP-F,ORD-1616,05/05/2028,17000,14/06/2028,5,0,13
CUST-617,13/09/2025,940,Europe,SUP-C,ORD-1617,08/05/2028,12000,17/06/2028,4,0,14
CUST-618,14/09/2025,800,Asia-Pacific,SUP-G,ORD-1618,10/05/2028,23500,19/06/2028,3,1,16
CUST-619,15/09/2025,910,Middle East,SUP-A,ORD-1619,12/05/2028,6000,21/06/2028,4,1,15
CUST-620,16/09/2025,880,North America,SUP-E,ORD-1620,15/05/2028,20000,24/06/2028,5,0,12
CUST-621,17/09/2025,860,Europe,SUP-B,ORD-1621,18/05/2028,15000,27/06/2028,4,2,14
CUST-622,18/09/2025,920,Asia-Pacific,SUP-D,ORD-1622,20/05/2028,20000,29/06/2028,4,0,15
CUST-623,19/09/2025,850,Africa,SUP-F,ORD-1623,22/05/2028,9500,01/07/2028,5,0,17
CUST-624,20/09/2025,890,North America,SUP-C,ORD-1624,25/05/2028,18000,04/07/2028,3,1,13
CUST-625,21/09/2025,830,Europe,SUP-G,ORD-1625,28/05/2028,13000,07/07/2028,4,1,14
CUST-626,22/09/2025,950,Asia-Pacific,SUP-A,ORD-1626,30/05/2028,24500,09/07/2028,5,0,16
CUST-627,23/09/2025,810,Middle East,SUP-E,ORD-1627,02/06/2028,7000,12/07/2028,4,0,16
CUST-628,24/09/2025,900,North America,SUP-B,ORD-1628,05/06/2028,17000,15/07/2028,5,0,12
CUST-629,25/09/2025,870,Europe,SUP-D,ORD-1629,08/06/2028,11500,18/07/2028,4,2,14
CUST-630,26/09/2025,890,Asia-Pacific,SUP-F,ORD-1630,10/06/2028,22500,20/07/2028,4,1,15
CUST-631,27/09/2025,930,Africa,SUP-C,ORD-1631,12/06/2028,8000,22/07/2028,3,1,19
CUST-632,28/09/2025,840,North America,SUP-G,ORD-1632,15/06/2028,19500,25/07/2028,5,0,13
CUST-633,29/09/2025,910,Europe,SUP-A,ORD-1633,18/06/2028,14500,28/07/2028,4,0,14
CUST-634,30/09/2025,820,Asia-Pacific,SUP-E,ORD-1634,20/06/2028,21000,30/07/2028,5,0,16
CUST-635,01/10/2025,960,Middle East,SUP-B,ORD-1635,22/06/2028,9500,01/08/2028,4,1,15
CUST-636,02/10/2025,800,North America,SUP-D,ORD-1636,25/06/2028,18000,04/08/2028,3,2,12
CUST-637,03/10/2025,940,Europe,SUP-F,ORD-1637,28/06/2028,10000,07/08/2028,5,0,14
CUST-638,04/10/2025,880,Asia-Pacific,SUP-C,ORD-1638,30/06/2028,23000,09/08/2028,4,1,15
CUST-639,05/10/2025,860,Africa,SUP-G,ORD-1639,02/07/2028,6500,11/08/2028,4,0,18
CUST-640,06/10/2025,900,North America,SUP-A,ORD-1640,05/07/2028,17500,14/08/2028,5,0,13
CUST-641,07/10/2025,850,Europe,SUP-E,ORD-1641,08/07/2028,12500,17/08/2028,3,1,14
CUST-642,08/10/2025,920,Asia-Pacific,SUP-B,ORD-1642,10/07/2028,20500,19/08/2028,5,0,16
CUST-643,09/10/2025,830,Middle East,SUP-D,ORD-1643,12/07/2028,7000,21/08/2028,4,1,15
CUST-644,10/10/2025,950,North America,SUP-F,ORD-1644,15/07/2028,19000,24/08/2028,4,0,12
CUST-645,11/10/2025,810,Europe,SUP-C,ORD-1645,18/07/2028,14000,27/08/2028,5,0,14
CUST-646,12/10/2025,900,Asia-Pacific,SUP-G,ORD-1646,20/07/2028,24500,29/08/2028,4,2,15
CUST-647,13/10/2025,870,Africa,SUP-A,ORD-1647,22/07/2028,9000,31/08/2028,3,1,19
CUST-648,14/10/2025,890,North America,SUP-E,ORD-1648,25/07/2028,18000,04/09/2028,5,0,13
CUST-649,15/10/2025,930,Europe,SUP-B,ORD-1649,28/07/2028,13000,07/09/2028,4,1,14
CUST-650,16/10/2025,840,Asia-Pacific,SUP-D,ORD-1650,30/07/2028,21000,09/09/2028,5,0,16
CUST-651,17/10/2025,960,Middle East,SUP-F,ORD-1651,02/08/2028,8000,11/09/2028,4,0,16
CUST-652,18/10/2025,820,North America,SUP-C,ORD-1652,05/08/2028,17000,14/09/2028,3,1,12
CUST-653,19/10/2025,940,Europe,SUP-G,ORD-1653,08/08/2028,11500,17/09/2028,5,0,14
CUST-654,20/10/2025,800,Asia-Pacific,SUP-A,ORD-1654,10/08/2028,23000,19/09/2028,4,2,15
CUST-655,21/10/2025,910,Africa,SUP-E,ORD-1655,12/08/2028,9500,21/09/2028,4,0,18
CUST-656,22/10/2025,880,North America,SUP-B,ORD-1656,15/08/2028,19000,24/09/2028,5,0,13
CUST-657,23/10/2025,860,Europe,SUP-D,ORD-1657,18/08/2028,14000,27/09/2028,3,1,14
CUST-658,24/10/2025,920,Asia-Pacific,SUP-F,ORD-1658,20/08/2028,20500,29/09/2028,5,0,16
CUST-659,25/10/2025,850,Middle East,SUP-C,ORD-1659,22/08/2028,6500,01/10/2028,4,1,15
CUST-660,26/10/2025,890,North America,SUP-G,ORD-1660,25/08/2028,18500,04/10/2028,4,0,12
CUST-661,27/10/2025,830,Europe,SUP-A,ORD-1661,28/08/2028,13500,07/10/2028,5,0,14
CUST-662,28/10/2025,950,Asia-Pacific,SUP-E,ORD-1662,30/08/2028,25000,09/10/2028,4,2,15
CUST-663,29/10/2025,810,Africa,SUP-B,ORD-1663,02/09/2028,8000,12/10/2028,3,1,19
CUST-664,30/10/2025,900,North America,SUP-D,ORD-1664,05/09/2028,17000,15/10/2028,5,0,13
CUST-665,31/10/2025,870,Europe,SUP-F,ORD-1665,08/09/2028,11000,18/10/2028,4,1,14
CUST-666,01/11/2025,890,Asia-Pacific,SUP-C,ORD-1666,10/09/2028,22000,20/10/2028,4,0,16
CUST-667,02/11/2025,930,Middle East,SUP-G,ORD-1667,12/09/2028,9500,22/10/2028,5,0,16
CUST-668,03/11/2025,840,North America,SUP-A,ORD-1668,15/09/2028,19500,25/10/2028,3,1,12
CUST-669,04/11/2025,910,Europe,SUP-E,ORD-1669,18/09/2028,14500,28/10/2028,4,1,14
CUST-670,05/11/2025,820,Asia-Pacific,SUP-B,ORD-1670,20/09/2028,21500,30/10/2028,5,0,15
CUST-671,06/11/2025,960,Africa,SUP-D,ORD-1671,22/09/2028,7000,01/11/2028,4,2,18
CUST-672,07/11/2025,800,North America,SUP-F,ORD-1672,25/09/2028,18500,04/11/2028,5,0,13
CUST-673,08/11/2025,940,Europe,SUP-C,ORD-1673,28/09/2028,10000,07/11/2028,4,0,14
CUST-674,09/11/2025,880,Asia-Pacific,SUP-G,ORD-1674,30/09/2028,23000,09/11/2028,3,1,16
CUST-675,10/11/2025,860,Middle East,SUP-A,ORD-1675,02/10/2028,8500,11/11/2028,4,1,15
CUST-676,11/11/2025,900,North America,SUP-E,ORD-1676,05/10/2028,20000,14/11/2028,5,0,12
CUST-677,12/11/2025,850,Europe,SUP-B,ORD-1677,08/10/2028,15000,17/11/2028,4,2,14
CUST-678,13/11/2025,920,Asia-Pacific,SUP-D,ORD-1678,10/10/2028,20500,19/11/2028,4,0,15
CUST-679,14/11/2025,830,Africa,SUP-F,ORD-1679,12/10/2028,9000,21/11/2028,5,0,17
CUST-680,15/11/2025,950,North America,SUP-C,ORD-1680,15/10/2028,17500,24/11/2028,3,1,13
CUST-681,16/11/2025,810,Europe,SUP-G,ORD-1681,18/10/2028,12500,27/11/2028,4,1,14
CUST-682,17/11/2025,900,Asia-Pacific,SUP-A,ORD-1682,20/10/2028,24000,29/11/2028,5,0,16
CUST-683,18/11/2025,870,Middle East,SUP-E,ORD-1683,22/10/2028,7000,01/12/2028,4,0,16
CUST-684,19/11/2025,890,North America,SUP-B,ORD-1684,25/10/2028,19000,04/12/2028,5,0,12
CUST-685,20/11/2025,930,Europe,SUP-D,ORD-1685,28/10/2028,14000,07/12/2028,4,2,14
CUST-686,21/11/2025,840,Asia-Pacific,SUP-F,ORD-1686,30/10/2028,21500,09/12/2028,4,1,15
CUST-687,22/11/2025,960,Africa,SUP-C,ORD-1687,02/11/2028,8500,12/12/2028,3,1,19
CUST-688,23/11/2025,820,North America,SUP-G,ORD-1688,05/11/2028,18000,15/12/2028,5,0,13
CUST-689,24/11/2025,940,Europe,SUP-A,ORD-1689,08/11/2028,13000,18/12/2028,4,0,14
CUST-690,25/11/2025,800,Asia-Pacific,SUP-E,ORD-1690,10/11/2028,23000,20/12/2028,5,0,16
CUST-691,26/11/2025,910,Middle East,SUP-B,ORD-1691,12/11/2028,9000,22/12/2028,4,1,15
CUST-692,27/11/2025,880,North America,SUP-D,ORD-1692,15/11/2028,17500,25/12/2028,3,2,12
CUST-693,28/11/2025,860,Europe,SUP-F,ORD-1693,18/11/2028,12000,28/12/2028,5,0,14
CUST-694,29/11/2025,920,Asia-Pacific,SUP-C,ORD-1694,20/11/2028,20500,30/12/2028,4,1,15
CUST-695,30/11/2025,850,Africa,SUP-G,ORD-1695,22/11/2028,7500,01/01/2029,4,0,18
CUST-696,01/12/2025,890,North America,SUP-A,ORD-1696,25/11/2028,19000,04/01/2029,5,0,13
CUST-697,02/12/2025,830,Europe,SUP-E,ORD-1697,28/11/2028,14000,07/01/2029,3,1,14
CUST-698,03/12/2025,950,Asia-Pacific,SUP-B,ORD-1698,30/11/2028,22500,09/01/2029,5,0,16
CUST-699,04/12/2025,810,Middle East,SUP-D,ORD-1699,02/12/2028,8000,11/01/2029,4,1,16
CUST-700,05/12/2025,900,North America,SUP-F,ORD-1700,05/12/2028,18000,14/01/2029,4,0,12
CUST-701,06/12/2025,870,Europe,SUP-C,ORD-1701,08/12/2028,13000,17/01/2029,5,0,14
CUST-702,07/12/2025,890,Asia-Pacific,SUP-G,ORD-1702,10/12/2028,21500,19/01/2029,4,2,15
CUST-703,08/12/2025,930,Africa,SUP-A,ORD-1703,12/12/2028,9500,21/01/2029,3,1,19
CUST-704,09/12/2025,840,North America,SUP-E,ORD-1704,15/12/2028,17000,24/01/2029,5,0,13
CUST-705,10/12/2025,910,Europe,SUP-B,ORD-1705,18/12/2028,11500,27/01/2029,4,1,14
CUST-706,11/12/2025,820,Asia-Pacific,SUP-D,ORD-1706,20/12/2028,23000,29/01/2029,5,0,16
CUST-707,12/12/2025,960,Middle East,SUP-F,ORD-1707,22/12/2028,6000,31/01/2029,4,0,15
CUST-708,13/12/2025,800,North America,SUP-C,ORD-1708,25/12/2028,19000,04/02/2029,3,1,12
CUST-709,14/12/2025,940,Europe,SUP-G,ORD-1709,28/12/2028,14000,07/02/2029,5,0,14
CUST-710,15/12/2025,880,Asia-Pacific,SUP-A,ORD-1710,30/12/2028,20000,09/02/2029,4,2,15
CUST-711,16/12/2025,860,Africa,SUP-E,ORD-1711,02/01/2029,9000,11/02/2029,4,0,18
CUST-712,17/12/2025,900,North America,SUP-B,ORD-1712,05/01/2029,18500,14/02/2029,5,0,13
CUST-713,18/12/2025,850,Europe,SUP-D,ORD-1713,08/01/2029,13500,17/02/2029,3,1,14
CUST-714,19/12/2025,920,Asia-Pacific,SUP-F,ORD-1714,10/01/2029,22000,19/02/2029,5,0,16
CUST-715,20/12/2025,830,Middle East,SUP-C,ORD-1715,12/01/2029,7500,21/02/2029,4,1,15
CUST-716,21/12/2025,950,North America,SUP-G,ORD-1716,15/01/2029,17000,24/02/2029,4,0,12
CUST-717,22/12/2025,810,Europe,SUP-A,ORD-1717,18/01/2029,12000,27/02/2029,5,0,14
CUST-718,23/12/2025,900,Asia-Pacific,SUP-E,ORD-1718,20/01/2029,23500,01/03/2029,4,2,15
CUST-719,24/12/2025,870,Africa,SUP-B,ORD-1719,22/01/2029,8000,03/03/2029,3,1,19
CUST-720,25/12/2025,890,North America,SUP-D,ORD-1720,25/01/2029,19500,06/03/2029,5,0,13
CUST-721,26/12/2025,930,Europe,SUP-F,ORD-1721,28/01/2029,14500,09/03/2029,4,1,14
CUST-722,27/12/2025,840,Asia-Pacific,SUP-C,ORD-1722,30/01/2029,21000,11/03/2029,5,0,16
CUST-723,28/12/2025,960,Middle East,SUP-G,ORD-1723,02/02/2029,9000,14/03/2029,4,0,16
CUST-724,29/12/2025,820,North America,SUP-A,ORD-1724,05/02/2029,18000,17/03/2029,3,1,12
CUST-725,30/12/2025,940,Europe,SUP-E,ORD-1725,08/02/2029,10000,20/03/2029,5,0,14
CUST-726,31/12/2025,800,Asia-Pacific,SUP-B,ORD-1726,10/02/2029,22500,22/03/2029,4,2,15
CUST-727,01/01/2026,910,Africa,SUP-D,ORD-1727,12/02/2029,7500,24/03/2029,4,0,18
CUST-728,02/01/2026,880,North America,SUP-F,ORD-1728,15/02/2029,17000,27/03/2029,5,0,13
CUST-729,03/01/2026,860,Europe,SUP-C,ORD-1729,18/02/2029,12000,30/03/2029,3,1,14
CUST-730,04/01/2026,920,Asia-Pacific,SUP-G,ORD-1730,20/02/2029,23000,01/04/2029,5,0,16
CUST-731,05/01/2026,850,Middle East,SUP-A,ORD-1731,22/02/2029,8500,03/04/2029,4,1,15
CUST-732,06/01/2026,890,North America,SUP-E,ORD-1732,25/02/2029,19500,06/04/2029,4,0,12
CUST-733,07/01/2026,830,Europe,SUP-B,ORD-1733,28/02/2029,14500,09/04/2029,5,0,14
CUST-734,08/01/2026,950,Asia-Pacific,SUP-D,ORD-1734,02/03/2029,20000,11/04/2029,4,2,15
CUST-735,09/01/2026,810,Africa,SUP-F,ORD-1735,05/03/2029,9000,14/04/2029,3,1,19
CUST-736,10/01/2026,900,North America,SUP-C,ORD-1736,08/03/2029,18000,17/04/2029,5,0,13
CUST-737,11/01/2026,870,Europe,SUP-G,ORD-1737,10/03/2029,13000,19/04/2029,4,1,14
CUST-738,12/01/2026,890,Asia-Pacific,SUP-A,ORD-1738,12/03/2029,22000,21/04/2029,4,0,16
CUST-739,13/01/2026,930,Middle East,SUP-E,ORD-1739,15/03/2029,7500,24/04/2029,5,0,16
CUST-740,14/01/2026,840,North America,SUP-B,ORD-1740,18/03/2029,17000,27/04/2029,3,1,12
CUST-741,15/01/2026,910,Europe,SUP-D,ORD-1741,20/03/2029,11500,29/04/2029,4,1,14
CUST-742,16/01/2026,820,Asia-Pacific,SUP-F,ORD-1742,22/03/2029,23500,01/05/2029,5,0,15
CUST-743,17/01/2026,960,Africa,SUP-C,ORD-1743,25/03/2029,8000,04/05/2029,4,2,18
CUST-744,18/01/2026,800,North America,SUP-G,ORD-1744,28/03/2029,19000,07/05/2029,5,0,13
CUST-745,19/01/2026,940,Europe,SUP-A,ORD-1745,30/03/2029,14000,09/05/2029,4,0,14
CUST-746,20/01/2026,880,Asia-Pacific,SUP-E,ORD-1746,02/04/2029,20500,12/05/2029,3,1,16
CUST-747,21/01/2026,860,Middle East,SUP-B,ORD-1747,05/04/2029,9000,15/05/2029,4,1,15
CUST-748,22/01/2026,900,North America,SUP-D,ORD-1748,08/04/2029,20000,18/05/2029,5,0,12
CUST-749,23/01/2026,850,Europe,SUP-F,ORD-1749,10/04/2029,15000,20/05/2029,4,2,14
CUST-750,24/01/2026,920,Asia-Pacific,SUP-C,ORD-1750,12/04/2029,21000,22/05/2029,4,0,15
